{
    "timestamp": "2025-11-28 21:50:02",
    "model_info": {
        "architecture": "Bidirectional SimpleRNN",
        "embedding_size": 128,
        "rnn_units": [
            128,
            64
        ],
        "dense_units": [
            128,
            64
        ],
        "dropout_rates": [
            0.3,
            0.3,
            0.3,
            0.2
        ],
        "optimizer": "Adam",
        "learning_rate": 0.001
    },
    "data_info": {
        "max_features": 20000,
        "max_sequence_length": 384
    },
    "validation_metrics": {
        "toxic": {
            "auc": 0.9138316228989845,
            "precision": 0.8603667136812412,
            "recall": 0.6007879185817465,
            "f1": 0.7075198144210323,
            "average_precision": 0.7736508904315761
        },
        "severe_toxic": {
            "auc": 0.9740663620663724,
            "precision": 0.0,
            "recall": 0.0,
            "f1": 0.0,
            "average_precision": 0.28507426264111846
        },
        "obscene": {
            "auc": 0.9672516689675592,
            "precision": 0.7367192060712201,
            "recall": 0.7593261131167268,
            "f1": 0.7478518518518519,
            "average_precision": 0.757845080214002
        },
        "threat": {
            "auc": 0.9140556999114194,
            "precision": 0.0,
            "recall": 0.0,
            "f1": 0.0,
            "average_precision": 0.02498706806999987
        },
        "insult": {
            "auc": 0.9576453378012888,
            "precision": 0.6569037656903766,
            "recall": 0.6973350253807107,
            "f1": 0.6765158510310865,
            "average_precision": 0.6824519648707534
        },
        "identity_hate": {
            "auc": 0.9114415780450655,
            "precision": 0.0,
            "recall": 0.0,
            "f1": 0.0,
            "average_precision": 0.09201559280105828
        },
        "macro_avg": {
            "auc": 0.9397153782817815,
            "precision": 0.3756649475738063,
            "recall": 0.342908176179864,
            "f1": 0.3553145862173284,
            "average_precision": 0.43600414317141806
        },
        "multilabel": {
            "exact_match_accuracy": 0.9149929500234999,
            "any_match_accuracy": 1.0,
            "hamming_loss": 0.021290929030236567
        }
    },
    "test_metrics": {
        "toxic": {
            "auc": 0.923955922245187,
            "precision": 0.6262075412901216,
            "recall": 0.6599343185550082,
            "f1": 0.6426287176207228,
            "average_precision": 0.659821180068398
        },
        "severe_toxic": {
            "auc": 0.9774677164339775,
            "precision": 0.0,
            "recall": 0.0,
            "f1": 0.0,
            "average_precision": 0.19713963417581123
        },
        "obscene": {
            "auc": 0.9543587894438845,
            "precision": 0.5697900887253842,
            "recall": 0.7133568138715796,
            "f1": 0.6335418671799808,
            "average_precision": 0.6472863991797834
        },
        "threat": {
            "auc": 0.9149239786405439,
            "precision": 0.0,
            "recall": 0.0,
            "f1": 0.0,
            "average_precision": 0.02569423954843357
        },
        "insult": {
            "auc": 0.9447739065367499,
            "precision": 0.49183627823753073,
            "recall": 0.6416690983367377,
            "f1": 0.5568498354013675,
            "average_precision": 0.5530540248616178
        },
        "identity_hate": {
            "auc": 0.9207629162157143,
            "precision": 0.0,
            "recall": 0.0,
            "f1": 0.0,
            "average_precision": 0.1044176488719389
        },
        "macro_avg": {
            "auc": 0.9393738715860097,
            "precision": 0.28130565137550606,
            "recall": 0.33582670512722085,
            "f1": 0.30550340336701187,
            "average_precision": 0.3645688544509971
        },
        "multilabel": {
            "exact_match_accuracy": 0.8917752977586045,
            "any_match_accuracy": 1.0,
            "hamming_loss": 0.03205789490137235
        }
    },
    "label_statistics": {
        "toxic": {
            "positive_count": 15294,
            "positive_ratio": 9.584448302009765
        },
        "severe_toxic": {
            "positive_count": 1595,
            "positive_ratio": 0.9995550569965721
        },
        "obscene": {
            "positive_count": 8449,
            "positive_ratio": 5.2948217407925
        },
        "threat": {
            "positive_count": 478,
            "positive_ratio": 0.2995531769557125
        },
        "insult": {
            "positive_count": 7877,
            "positive_ratio": 4.936360616904074
        },
        "identity_hate": {
            "positive_count": 1405,
            "positive_ratio": 0.8804858025581089
        }
    },
    "multilabel_statistics": {
        "0": {
            "count": 57735,
            "percentage": 90.241958173122
        },
        "1": {
            "count": 1842,
            "percentage": 2.879114695676639
        },
        "2": {
            "count": 1530,
            "percentage": 2.39144705992685
        },
        "3": {
            "count": 2081,
            "percentage": 3.25268060895933
        },
        "4": {
            "count": 611,
            "percentage": 0.9550157866766702
        },
        "5": {
            "count": 165,
            "percentage": 0.25790115352152304
        },
        "6": {
            "count": 14,
            "percentage": 0.021882522116977714
        }
    },
    "training_history": {
        "epochs": [
            0,
            1,
            2,
            3,
            4,
            5,
            6,
            7,
            8,
            9
        ],
        "loss": [
            0.16240882873535156,
            0.085561603307724,
            0.07026801258325577,
            0.06391827017068863,
            0.061993613839149475,
            0.057663921266794205,
            0.05387934669852257,
            0.05617655813694,
            0.051828283816576004,
            0.0582280308008194
        ],
        "accuracy": [
            0.6057372689247131,
            0.8807654976844788,
            0.9485570788383484,
            0.9808469414710999,
            0.9885238409042358,
            0.9920489192008972,
            0.9917199611663818,
            0.9911559224128723,
            0.9926521182060242,
            0.9915475845336914
        ],
        "val_loss": [
            0.12105772644281387,
            0.0682789608836174,
            0.06596461683511734,
            0.07234615832567215,
            0.07091500610113144,
            0.07559336721897125,
            0.06833492964506149,
            0.06023483723402023,
            0.07073069363832474,
            0.07726842910051346
        ],
        "val_accuracy": [
            0.9937646985054016,
            0.9921666979789734,
            0.9937646985054016,
            0.9937646985054016,
            0.9937646985054016,
            0.9937646985054016,
            0.9937646985054016,
            0.9937646985054016,
            0.9937646985054016,
            0.9937646985054016
        ],
        "final_train_loss": 0.0582280308008194,
        "final_val_loss": 0.07726842910051346,
        "final_train_accuracy": 0.9915475845336914,
        "final_val_accuracy": 0.9937646985054016,
        "epochs_trained": 10
    }
}