dataset,exact_match_accuracy,any_match_accuracy,hamming_loss
validation,0.9149929500234999,1.0,0.021290929030236567
test,0.8917752977586045,1.0,0.03205789490137235
