{
    "timestamp": "2025-11-29 14:33:54",
    "model_info": {
        "architecture": "CNN",
        "embedding_size": 128,
        "conv_layers": [
            {
                "filters": 128,
                "kernel_size": 5
            },
            {
                "filters": 128,
                "kernel_size": 5
            }
        ],
        "dense_units": [
            128,
            64,
            32
        ],
        "dropout_rates": [
            0.3,
            0.3,
            0.4,
            0.3,
            0.2
        ],
        "optimizer": "Adam",
        "learning_rate": 0.001
    },
    "data_info": {
        "max_features": 20000,
        "max_sequence_length": 256
    },
    "validation_metrics": {
        "toxic": {
            "auc": 0.9666773995975708,
            "precision": 0.8104624715693708,
            "recall": 0.7019041365725541,
            "f1": 0.7522871217452498,
            "average_precision": 0.8410876021687258
        },
        "severe_toxic": {
            "auc": 0.9824025910040919,
            "precision": 0.4375,
            "recall": 0.04590163934426229,
            "f1": 0.08308605341246292,
            "average_precision": 0.3997280122999356
        },
        "obscene": {
            "auc": 0.9864087928664811,
            "precision": 0.8114323258869908,
            "recall": 0.7430806257521059,
            "f1": 0.775753768844221,
            "average_precision": 0.8544322919587559
        },
        "threat": {
            "auc": 0.9116109152275802,
            "precision": 0.0,
            "recall": 0.0,
            "f1": 0.0,
            "average_precision": 0.024993164256937237
        },
        "insult": {
            "auc": 0.977715562033957,
            "precision": 0.7205009887936717,
            "recall": 0.6935279187817259,
            "f1": 0.7067571936631104,
            "average_precision": 0.7513387542076847
        },
        "identity_hate": {
            "auc": 0.9430955649681958,
            "precision": 0.0,
            "recall": 0.0,
            "f1": 0.0,
            "average_precision": 0.1431182837408866
        },
        "macro_avg": {
            "auc": 0.9613184709496462,
            "precision": 0.46331596437500555,
            "recall": 0.36406905340844137,
            "f1": 0.386314022944174,
            "average_precision": 0.5024496847721543
        },
        "multilabel": {
            "exact_match_accuracy": 0.9154629484568385,
            "any_match_accuracy": 1.0,
            "hamming_loss": 0.019296046790955142
        }
    },
    "test_metrics": {
        "toxic": {
            "auc": 0.950346045043892,
            "precision": 0.563136209403781,
            "recall": 0.7630541871921183,
            "f1": 0.6480267745084368,
            "average_precision": 0.7122580066759101
        },
        "severe_toxic": {
            "auc": 0.9816686161721127,
            "precision": 0.4918032786885246,
            "recall": 0.08174386920980926,
            "f1": 0.14018691588785046,
            "average_precision": 0.3076363917725437
        },
        "obscene": {
            "auc": 0.9706047003550707,
            "precision": 0.6591974986972381,
            "recall": 0.6854510972636142,
            "f1": 0.6720680037189534,
            "average_precision": 0.7515442507314638
        },
        "threat": {
            "auc": 0.9138258233823271,
            "precision": 0.0,
            "recall": 0.0,
            "f1": 0.0,
            "average_precision": 0.025293346489172634
        },
        "insult": {
            "auc": 0.9585382273691184,
            "precision": 0.5531914893617021,
            "recall": 0.5993580391012547,
            "f1": 0.5753501400560224,
            "average_precision": 0.6416697420042887
        },
        "identity_hate": {
            "auc": 0.9338563420649109,
            "precision": 0.0,
            "recall": 0.0,
            "f1": 0.0,
            "average_precision": 0.16074254976400323
        },
        "macro_avg": {
            "auc": 0.9514732923979053,
            "precision": 0.377888079358541,
            "recall": 0.3549345321277994,
            "f1": 0.33927197236187717,
            "average_precision": 0.43319071457289704
        },
        "multilabel": {
            "exact_match_accuracy": 0.8779267873331458,
            "any_match_accuracy": 1.0,
            "hamming_loss": 0.03084393593631144
        }
    },
    "label_statistics": {
        "toxic": {
            "positive_count": 15294,
            "positive_ratio": 9.584448302009765
        },
        "severe_toxic": {
            "positive_count": 1595,
            "positive_ratio": 0.9995550569965721
        },
        "obscene": {
            "positive_count": 8449,
            "positive_ratio": 5.2948217407925
        },
        "threat": {
            "positive_count": 478,
            "positive_ratio": 0.2995531769557125
        },
        "insult": {
            "positive_count": 7877,
            "positive_ratio": 4.936360616904074
        },
        "identity_hate": {
            "positive_count": 1405,
            "positive_ratio": 0.8804858025581089
        }
    },
    "multilabel_statistics": {
        "0": {
            "count": 57735,
            "percentage": 90.241958173122
        },
        "1": {
            "count": 1842,
            "percentage": 2.879114695676639
        },
        "2": {
            "count": 1530,
            "percentage": 2.39144705992685
        },
        "3": {
            "count": 2081,
            "percentage": 3.25268060895933
        },
        "4": {
            "count": 611,
            "percentage": 0.9550157866766702
        },
        "5": {
            "count": 165,
            "percentage": 0.25790115352152304
        },
        "6": {
            "count": 14,
            "percentage": 0.021882522116977714
        }
    },
    "training_history": {
        "epochs": [
            0,
            1,
            2,
            3,
            4,
            5,
            6,
            7
        ],
        "loss": [
            0.3212083578109741,
            0.08114773035049438,
            0.05668982118368149,
            0.04720200598239899,
            0.0419204980134964,
            0.03826383501291275,
            0.035064082592725754,
            0.03160233423113823
        ],
        "accuracy": [
            0.23728615045547485,
            0.5641881227493286,
            0.6758319139480591,
            0.7132136225700378,
            0.7138011455535889,
            0.6988312602043152,
            0.7032728791236877,
            0.6807592511177063
        ],
        "val_loss": [
            0.19319124519824982,
            0.1435861438512802,
            0.05666520074009895,
            0.05747048556804657,
            0.060862667858600616,
            0.06007070094347,
            0.05965226888656616,
            0.06032481789588928
        ],
        "val_accuracy": [
            0.9937646985054016,
            0.9937646985054016,
            0.9932947158813477,
            0.9898793697357178,
            0.9083816409111023,
            0.9731787443161011,
            0.9743381142616272,
            0.9802287220954895
        ],
        "final_train_loss": 0.03160233423113823,
        "final_val_loss": 0.06032481789588928,
        "final_train_accuracy": 0.6807592511177063,
        "final_val_accuracy": 0.9802287220954895,
        "epochs_trained": 8
    }
}