dataset,exact_match_accuracy,any_match_accuracy,hamming_loss
validation,0.9154629484568385,1.0,0.019296046790955142
test,0.8779267873331458,1.0,0.03084393593631144
